ID,text,stance,aspect_span,opinion_span,aspect_catetegory
1428008730147295235,anonymised text,neutral,Unvaccinated people are dying at a rapid rate from Covid-19,Unvaccinated people are dying at a rapid rate from Covid-19,0
1427626689295785986,anonymised text,neutral,The Moderna vaccines are helping stop the spread of covid,The Moderna vaccines are helping stop the spread of covid,6
1428008711365275653,anonymised text,neutral,Covid death is real,Covid death is real,6
1428008704973099017,anonymised text,neutral,Do not trust the government,Do not trust the government,5
1428010785117253637,anonymised text,neutral,Unvaccinated people are dying at a rapid rate from Covid-19,Unvaccinated people are dying at a rapid rate from Covid-19,6
1428010782479077376,anonymised text,neutral,"The vaccine has nothing to do with Covid-19, it's about the vaccine passport and tyranny","The vaccine has nothing to do with Covid-19, it's about the vaccine passport and tyranny",3
1428011556500090893,anonymised text,neutral,Vaccines will allow us to defeat covid without death and sickness,Vaccines will allow us to defeat covid without death and sickness,3
1428008674094718980,anonymised text,neutral,I'm not against the vaccine but I am against the mandate,I'm not against the vaccine but I am against the mandate,2
1428008672001765378,anonymised text,neutral,Unvaccinated people are dying at a rapid rate from Covid-19,Unvaccinated people are dying at a rapid rate from Covid-19,6
1427997088130998279,anonymised text,neutral,We need a vaccine mandate to end this pandemic,We need a vaccine mandate to end this pandemic,0
1427997013363331082,anonymised text,neutral,The Moderna vaccines are helping stop the spread of covid,The Moderna vaccines are helping stop the spread of covid,6
1427997007491252224,anonymised text,neutral,Millions have been safely vaccinated against covid,Millions have been safely vaccinated against covid,6
1427996868286558213,anonymised text,neutral,The vaccine has dangerous side effects,The vaccine has dangerous side effects,6
1427996852637642753,anonymised text,neutral,Vaccines will allow us to defeat covid without death and sickness,Vaccines will allow us to defeat covid without death and sickness,6
1428160835730423817,anonymised text,neutral,Covid hospitalizations are on the rise,Covid hospitalizations are on the rise,3
1428149913871810563,anonymised text,neutral,The vaccine is a greater danger to our children's health than COVID itself,The vaccine is a greater danger to our children's health than COVID itself,3
1428100640585109505,anonymised text,neutral,Vaccines will allow us to defeat covid without death and sickness,Vaccines will allow us to defeat covid without death and sickness,0
1428161910516629507,anonymised text,neutral,The Moderna vaccines are helping stop the spread of covid,The Moderna vaccines are helping stop the spread of covid,6
1428100007555522560,anonymised text,neutral,We are thankful to the government for the vaccine availability,We are thankful to the government for the vaccine availability,6
1428099838294384641,anonymised text,neutral,Vaccines will allow us to defeat covid without death and sickness,Vaccines will allow us to defeat covid without death and sickness,0
1428124980143853568,anonymised text,neutral,I won't take the vaccine due to medical reasons,I won't take the vaccine due to medical reasons,0
1428092892090880006,anonymised text,positive,The Pfizer vaccine is saving lives,The Pfizer vaccine is saving lives,6
1428148744256557057,anonymised text,neutral,"If it is your body your choice, then insurance companies should stop paying for your hospitalization costs for COVID","If it is your body your choice, then insurance companies should stop paying for your hospitalization costs for COVID",3
1428050588537917445,anonymised text,neutral,Jesus is trying to protect us from covid by divinely inspiring scientists to create vaccines,Jesus is trying to protect us from covid by divinely inspiring scientists to create vaccines,1
1427871232762859520,anonymised text,neutral,the vaccine is against my religion,the vaccine is against my religion,6
1427664105352089612,anonymised text,neutral,the vaccine is against my religion,the vaccine is against my religion,6
1427248500153147403,anonymised text,neutral,The covid vaccine is harmful for pregnant women and kids,The covid vaccine is harmful for pregnant women and kids,0
1428163320167735299,anonymised text,neutral,"If you don't get the vaccine based on your freedom of choice, don't come crawling to the emergency room when you get COVID","If you don't get the vaccine based on your freedom of choice, don't come crawling to the emergency room when you get COVID",3
1428128841940144132,anonymised text,neutral,I'm not against the vaccine but I am against the mandate,I'm not against the vaccine but I am against the mandate,5
1427864580483657728,anonymised text,neutral,The vaccine is a greater danger to our children's health than COVID itself,The vaccine is a greater danger to our children's health than COVID itself,6
1428146736804028417,anonymised text,neutral,Unvaccinated people are dying at a rapid rate from Covid-19,Unvaccinated people are dying at a rapid rate from Covid-19,2
1426587220073492486,anonymised text,neutral,"If it is your body your choice, then insurance companies should stop paying for your hospitalization costs for COVID","If it is your body your choice, then insurance companies should stop paying for your hospitalization costs for COVID",6
1427469191079243776,anonymised text,neutral,The covid vaccine is another religion,The covid vaccine is another religion,4
1427338607136755720,anonymised text,neutral,vaccine is not against any religion,vaccine is not against any religion,6
1428094418704338956,anonymised text,neutral,"If you refuse a free FDA-approved vaccine for non-medical reasons, then the government shouldn't continue to give you free COVID tests","If you refuse a free FDA-approved vaccine for non-medical reasons, then the government shouldn't continue to give you free COVID tests",5
1427978604433088520,anonymised text,neutral,covid is a hoax,covid is a hoax,6
1428175877632843776,anonymised text,neutral,We need a vaccine mandate to end this pandemic,We need a vaccine mandate to end this pandemic,0
1428143419961004033,anonymised text,neutral,the vaccine does not work,the vaccine does not work,6
1428113632341151745,anonymised text,neutral,"It is not about covid, it is about control","It is not about covid, it is about control",3
1428187330356027396,anonymised text,neutral,The vaccine is a tool of Satan,The vaccine is a tool of Satan,6
1428185199620284416,anonymised text,neutral,I support vaccine mandates,I support vaccine mandates,3
1455255812050497544,anonymised text,neutral,Covid vaccines are not doing what the pharmaceutical companies promised,Covid vaccines are not doing what the pharmaceutical companies promised,6
1456370230649888768,anonymised text,neutral,The covid vaccine helps to stop the spread,The covid vaccine helps to stop the spread,6
1456370415828447233,anonymised text,neutral,Firing over vaccine mandates is oppression,Firing over vaccine mandates is oppression,6
1456347519013859329,anonymised text,neutral,The vaccine is a greater danger to our children's health than COVID itself,The vaccine is a greater danger to our children's health than COVID itself,6
1456272729355665414,anonymised text,neutral,"If you refuse a free FDA-approved vaccine for non-medical reasons, then the government shouldn't continue to give you free COVID tests","If you refuse a free FDA-approved vaccine for non-medical reasons, then the government shouldn't continue to give you free COVID tests",6
1456302235390861315,anonymised text,neutral,Firing over vaccine mandates is oppression,Firing over vaccine mandates is oppression,6
1456253868665446400,anonymised text,neutral,Millions have been safely vaccinated against covid,Millions have been safely vaccinated against covid,3
1456060979477762050,anonymised text,neutral,The vaccine is a greater danger to our children's health than COVID itself,The vaccine is a greater danger to our children's health than COVID itself,6
1455975071026139139,anonymised text,neutral,We are thankful to the government for the vaccine availability,We are thankful to the government for the vaccine availability,6
1456094077087358977,anonymised text,neutral,The vaccine is a greater danger to our children's health than COVID itself,The vaccine is a greater danger to our children's health than COVID itself,5
1455995084122439681,anonymised text,neutral,the vaccine works,the vaccine works,6
1456072500442537987,anonymised text,neutral,We are thankful to the government for the vaccine availability,We are thankful to the government for the vaccine availability,6
1456062685251002369,anonymised text,neutral,We are thankful to the government for the vaccine availability,We are thankful to the government for the vaccine availability,6
1456004127541051398,anonymised text,neutral,The vaccine is a greater danger to our children's health than COVID itself,The vaccine is a greater danger to our children's health than COVID itself,6
1456096911304298501,anonymised text,neutral,"If you refuse a free FDA-approved vaccine for non-medical reasons, then the government shouldn't continue to give you free COVID tests","If you refuse a free FDA-approved vaccine for non-medical reasons, then the government shouldn't continue to give you free COVID tests",6
1456018245509595143,anonymised text,neutral,Covid hospitalizations are on the rise,Covid hospitalizations are on the rise,0
1456352687956578304,anonymised text,neutral,Covid death is real,Covid death is real,6
1456247540748365827,anonymised text,neutral,Covid vaccines are not doing what the pharmaceutical companies promised,Covid vaccines are not doing what the pharmaceutical companies promised,6
1456025032631652359,anonymised text,neutral,Unvaccinated people are dying at a rapid rate from Covid-19,Unvaccinated people are dying at a rapid rate from Covid-19,0
1456265798322847758,anonymised text,neutral,Unvaccinated people are dying at a rapid rate from Covid-19,Unvaccinated people are dying at a rapid rate from Covid-19,6
1456038515892883459,anonymised text,neutral,Vaccine passports are medical tyranny,Vaccine passports are medical tyranny,3
1456069707178684418,anonymised text,neutral,Vaccines will allow us to defeat covid without death and sickness,Vaccines will allow us to defeat covid without death and sickness,6
1456370855722696714,anonymised text,neutral,Covid's death toll has grown faster,Covid's death toll has grown faster,0
1456371450919718914,anonymised text,neutral,Unvaccinated people are dying at a rapid rate from Covid-19,Unvaccinated people are dying at a rapid rate from Covid-19,5
1456314970833100811,anonymised text,neutral,The vaccine isn't safe,The vaccine isn't safe,1
1456298114575310863,anonymised text,neutral,Covid hospitalizations are on the rise,Covid hospitalizations are on the rise,2
1456330430559531009,anonymised text,neutral,The Moderna vaccines are helping stop the spread of covid,The Moderna vaccines are helping stop the spread of covid,6
1456329099350134785,anonymised text,neutral,the vaccine works,the vaccine works,6
1456343743460777993,anonymised text,neutral,Millions have been safely vaccinated against covid,Millions have been safely vaccinated against covid,6
1456371035389956096,anonymised text,neutral,Vaccines will allow us to defeat covid without death and sickness,Vaccines will allow us to defeat covid without death and sickness,6
1453791140461821958,anonymised text,neutral,"It is not about covid, it is about control","It is not about covid, it is about control",3
1456051031989653504,anonymised text,neutral,The vaccine is a tool of Satan,The vaccine is a tool of Satan,6
1455545867147124745,anonymised text,neutral,The vaccine is a tool of Satan,The vaccine is a tool of Satan,3
1454505219912503303,anonymised text,neutral,The vaccine is a tool of Satan,The vaccine is a tool of Satan,6
1449556340561620994,anonymised text,neutral,The vaccine is haram,The vaccine is haram,4
1456371565105332230,anonymised text,neutral,the vaccine is against my religion,the vaccine is against my religion,6
1456367830568407050,anonymised text,neutral,"The vaccine doesn't protect you from getting or spreading Covid, God does","The vaccine doesn't protect you from getting or spreading Covid, God does",0
1456339788840280069,anonymised text,neutral,Millions have been safely vaccinated against covid,Millions have been safely vaccinated against covid,3
1456330962149707777,anonymised text,neutral,Unvaccinated people are dying at a rapid rate from Covid-19,Unvaccinated people are dying at a rapid rate from Covid-19,6
1456376847781048324,anonymised text,neutral,the vaccine will be dangerous to health,the vaccine will be dangerous to health,5
1456341812759699461,anonymised text,neutral,The experimental covid vaccine is a death jab,The experimental covid vaccine is a death jab,5
1456327111392833538,anonymised text,neutral,Firing over vaccine mandates is oppression,Firing over vaccine mandates is oppression,5
1456288855565418507,anonymised text,neutral,The vaccine mandate will help us end the pandemic,The vaccine mandate will help us end the pandemic,5
1443475809172348928,anonymised text,neutral,covid is a scam,covid is a scam,6
1443276818103115776,anonymised text,neutral,"The vaccine doesn't protect you from getting or spreading Covid, God does","The vaccine doesn't protect you from getting or spreading Covid, God does",6
1443300668618510337,anonymised text,neutral,The research behind covid vaccines is public,The research behind covid vaccines is public,3
1443561640880914434,anonymised text,neutral,The vaccine isn't safe,The vaccine isn't safe,6
1443276772406136832,anonymised text,neutral,Unvaccinated people are dying at a rapid rate from Covid-19,Unvaccinated people are dying at a rapid rate from Covid-19,0
1443362139528384512,anonymised text,neutral,The covid vaccine is another religion,The covid vaccine is another religion,6
1443384983259865090,anonymised text,neutral,The Pfizer vaccine is saving lives,The Pfizer vaccine is saving lives,6
1444951259996250117,anonymised text,neutral,The experimental covid vaccine is a death jab,The experimental covid vaccine is a death jab,6
1443262448337891338,anonymised text,neutral,The Moderna vaccines are helping stop the spread of covid,The Moderna vaccines are helping stop the spread of covid,1
1443366995571978244,anonymised text,neutral,The vaccine mandate violates my rights,The vaccine mandate violates my rights,1
1443342861882245125,anonymised text,positive,We need a vaccine mandate to end this pandemic,We need a vaccine mandate to end this pandemic,6
1443600927022272513,anonymised text,neutral,"It is a good thing to be skeptical of the government, but they are right about the covid vaccine","It is a good thing to be skeptical of the government, but they are right about the covid vaccine",3
1443600686684512261,anonymised text,neutral,Hats off to the government for tackling the pandemic,Hats off to the government for tackling the pandemic,3
1443599312060092426,anonymised text,neutral,We are the subjects of massive experiments for the Moderna and Pfizer vaccines,We are the subjects of massive experiments for the Moderna and Pfizer vaccines,6
1443597310521393152,anonymised text,neutral,Unvaccinated people are dying at a rapid rate from Covid-19,Unvaccinated people are dying at a rapid rate from Covid-19,1
1443272946814910468,anonymised text,neutral,The covid vaccine is a ploy to microchip people,The covid vaccine is a ploy to microchip people,6
1443610807154188297,anonymised text,neutral,The vaccine is a tool of Satan,The vaccine is a tool of Satan,0
1443314140236468227,anonymised text,neutral,The vaccine is a tool of Satan,The vaccine is a tool of Satan,5
1443185432808751104,anonymised text,neutral,The vaccine mandate is not oppression because it will help to end this pandemic,The vaccine mandate is not oppression because it will help to end this pandemic,5
1443184995527499783,anonymised text,neutral,Firing over vaccine mandates is oppression,Firing over vaccine mandates is oppression,5
1443626850429906944,anonymised text,neutral,Firing over vaccine mandates is oppression,Firing over vaccine mandates is oppression,1
1443618211606446085,anonymised text,neutral,The vaccine mandate is not oppression because it will help to end this pandemic,The vaccine mandate is not oppression because it will help to end this pandemic,6
1443249787059548164,anonymised text,neutral,"If you choose not to take the vaccine, you have to deal with the consequences","If you choose not to take the vaccine, you have to deal with the consequences",5
1442892157841412110,anonymised text,neutral,"If you don't get the vaccine based on your freedom of choice, don't come crawling to the emergency room when you get COVID","If you don't get the vaccine based on your freedom of choice, don't come crawling to the emergency room when you get COVID",1
1440294282477273089,anonymised text,neutral,Unvaccinated people are dying at a rapid rate from Covid-19,Unvaccinated people are dying at a rapid rate from Covid-19,1
1441408662250024960,anonymised text,neutral,We need a vaccine mandate to end this pandemic,We need a vaccine mandate to end this pandemic,1
1443691299647930381,anonymised text,neutral,"It is not about covid, it is about control","It is not about covid, it is about control",5
1443755360683274242,anonymised text,neutral,I'm not against the vaccine but I am against the mandate,I'm not against the vaccine but I am against the mandate,5
1443704839876145154,anonymised text,neutral,I am free to refuse the vaccine,I am free to refuse the vaccine,1
1443653479193513993,anonymised text,neutral,We are the subjects of massive experiments for the Moderna and Pfizer vaccines,We are the subjects of massive experiments for the Moderna and Pfizer vaccines,6
1443521618089844742,anonymised text,neutral,"If you don't get the vaccine based on your freedom of choice, don't come crawling to the emergency room when you get COVID","If you don't get the vaccine based on your freedom of choice, don't come crawling to the emergency room when you get COVID",1
1443759110089056263,anonymised text,neutral,"It is not about covid, it is about control","It is not about covid, it is about control",2
1443774886338510851,anonymised text,neutral,The vaccines are the mark of the beast,The vaccines are the mark of the beast,6
1443524918545731587,anonymised text,neutral,the vaccine is against my religion,the vaccine is against my religion,2
1443363338696658947,anonymised text,neutral,The experimental covid vaccine is a death jab,The experimental covid vaccine is a death jab,5
1443283478750060554,anonymised text,neutral,covid is a scam,covid is a scam,1
1440415253251047431,anonymised text,neutral,The vaccine is not halal,The vaccine is not halal,0
1443786566313283585,anonymised text,neutral,The vaccine mandate will help us end the pandemic,The vaccine mandate will help us end the pandemic,1
1429910799359807490,anonymised text,neutral,The Pfizer vaccine is saving lives,The Pfizer vaccine is saving lives,6
1429865808822476800,anonymised text,neutral,The government is lying,The government is lying,6
1429924606043987972,anonymised text,neutral,We need a vaccine mandate to end this pandemic,We need a vaccine mandate to end this pandemic,0
1429929731995013134,anonymised text,neutral,"If it is your body your choice, then insurance companies should stop paying for your hospitalization costs for COVID","If it is your body your choice, then insurance companies should stop paying for your hospitalization costs for COVID",6
1429927255363538947,anonymised text,neutral,We need a vaccine mandate to end this pandemic,We need a vaccine mandate to end this pandemic,3
1429906232010231814,anonymised text,neutral,The vaccine received FDA approval,The vaccine received FDA approval,6
1429890563029995526,anonymised text,neutral,The covid vaccine is another religion,The covid vaccine is another religion,6
1429902029745377301,anonymised text,positive,Covid death is real,Covid death is real,6
1429914344213655554,anonymised text,neutral,The vaccine received FDA approval,The vaccine received FDA approval,0
1429933793972998144,anonymised text,neutral,"The vaccine doesn't protect you from getting or spreading Covid, God does","The vaccine doesn't protect you from getting or spreading Covid, God does",6
1429938689472438284,anonymised text,neutral,Biden is a failure,Biden is a failure,5
1429937785935441930,anonymised text,neutral,The vaccine mandate will help us end the pandemic,The vaccine mandate will help us end the pandemic,3
1429937135281442816,anonymised text,positive,The Moderna vaccines are helping stop the spread of covid,The Moderna vaccines are helping stop the spread of covid,6
1430215572487237636,anonymised text,neutral,The Pfizer vaccine is saving lives,The Pfizer vaccine is saving lives,6
1430216838898753547,anonymised text,neutral,"The vaccine has nothing to do with Covid-19, it's about the vaccine passport and tyranny","The vaccine has nothing to do with Covid-19, it's about the vaccine passport and tyranny",6
1430216395120250881,anonymised text,neutral,"It is not about covid, it is about control","It is not about covid, it is about control",6
1430191230995083264,anonymised text,neutral,We are thankful to the government for the vaccine availability,We are thankful to the government for the vaccine availability,5
1430234660714418176,anonymised text,neutral,"The vaccine doesn't protect you from getting or spreading Covid, God does","The vaccine doesn't protect you from getting or spreading Covid, God does",6
1430733539063091201,anonymised text,neutral,The Pfizer vaccine is saving lives,The Pfizer vaccine is saving lives,6
1430212388863848451,anonymised text,neutral,The vaccine is not halal,The vaccine is not halal,6
1430185893961379844,anonymised text,neutral,The vaccine is a greater danger to our children's health than COVID itself,The vaccine is a greater danger to our children's health than COVID itself,5
1430228465656160258,anonymised text,neutral,"If you don't get the vaccine based on your freedom of choice, don't come crawling to the emergency room when you get COVID","If you don't get the vaccine based on your freedom of choice, don't come crawling to the emergency room when you get COVID",2
1430229820189851648,anonymised text,neutral,The pharmaceutical industry is rotten,The pharmaceutical industry is rotten,6
1430228853050552325,anonymised text,neutral,COVID-19 disease does not exist or is not dangerous to health,COVID-19 disease does not exist or is not dangerous to health,6
1430211214056075265,anonymised text,neutral,The vaccine isn't safe,The vaccine isn't safe,6
1430208943238926338,anonymised text,neutral,Covid's death toll has grown faster,Covid's death toll has grown faster,3
1430228148147429382,anonymised text,neutral,Covid's death toll has grown faster,Covid's death toll has grown faster,6
1430228111766040583,anonymised text,neutral,covid is propaganda,covid is propaganda,6
1430229180252311555,anonymised text,neutral,"You are free not to take the vaccine, businesses are also free to deny you entry","You are free not to take the vaccine, businesses are also free to deny you entry",5
1453823650432495624,anonymised text,neutral,The vaccine mandate will help us end the pandemic,The vaccine mandate will help us end the pandemic,0
1430201988122218500,anonymised text,neutral,Covid vaccine research has been going on for a while,Covid vaccine research has been going on for a while,6
1430245186119032834,anonymised text,neutral,"If you refuse a free FDA-approved vaccine for non-medical reasons, then the government shouldn't continue to give you free COVID tests","If you refuse a free FDA-approved vaccine for non-medical reasons, then the government shouldn't continue to give you free COVID tests",1
1430245172110057476,anonymised text,neutral,We need a vaccine mandate to end this pandemic,We need a vaccine mandate to end this pandemic,6
1430241827928608769,anonymised text,neutral,Covid death is real,Covid death is real,0
1430240770116788228,anonymised text,neutral,the vaccine does not work,the vaccine does not work,6
1430195980620734468,anonymised text,neutral,Unvaccinated people are dying at a rapid rate from Covid-19,Unvaccinated people are dying at a rapid rate from Covid-19,0
1430201146505940998,anonymised text,neutral,The vaccine is dangerous for people with medical conditions,The vaccine is dangerous for people with medical conditions,6
1430243313202962437,anonymised text,neutral,Vaccines will allow us to defeat covid without death and sickness,Vaccines will allow us to defeat covid without death and sickness,6
1430230179180433411,anonymised text,neutral,The covid vaccine is another religion,The covid vaccine is another religion,6
1430227917259350016,anonymised text,neutral,Disregard for others' lives isn't part of your religion,Disregard for others' lives isn't part of your religion,6
1430247063309242379,anonymised text,neutral,"It is not about covid, it is about control","It is not about covid, it is about control",6
1429945991625461763,anonymised text,neutral,We need a vaccine mandate to end this pandemic,We need a vaccine mandate to end this pandemic,5
1429883289582583809,anonymised text,neutral,We need a vaccine mandate to end this pandemic,We need a vaccine mandate to end this pandemic,5
1430025987727794178,anonymised text,neutral,Jesus is trying to protect us from covid by divinely inspiring scientists to create vaccines,Jesus is trying to protect us from covid by divinely inspiring scientists to create vaccines,4
1432172665486209027,anonymised text,neutral,We need a vaccine mandate to end this pandemic,We need a vaccine mandate to end this pandemic,0
1432172594346799106,anonymised text,neutral,The vaccine is a greater danger to our children's health than COVID itself,The vaccine is a greater danger to our children's health than COVID itself,6
1432172523416965120,anonymised text,neutral,The vaccine is safe,The vaccine is safe,6
1432171938261123074,anonymised text,neutral,The vaccine has dangerous side effects,The vaccine has dangerous side effects,6
1432171261786951681,anonymised text,neutral,Vaccines will allow us to defeat covid without death and sickness,Vaccines will allow us to defeat covid without death and sickness,6
1432169037686054914,anonymised text,neutral,Vaccines will allow us to defeat covid without death and sickness,Vaccines will allow us to defeat covid without death and sickness,6
1432168436671688709,anonymised text,neutral,I won't take the vaccine due to medical reasons,I won't take the vaccine due to medical reasons,6
1432168197327839239,anonymised text,neutral,Covid vaccines are not doing what the pharmaceutical companies promised,Covid vaccines are not doing what the pharmaceutical companies promised,6
1432168017379696643,anonymised text,neutral,The vaccine is a greater danger to our children's health than COVID itself,The vaccine is a greater danger to our children's health than COVID itself,6
1431212986140594176,anonymised text,neutral,"The vaccine contains pork, muslims can't take the vaccine","The vaccine contains pork, muslims can't take the vaccine",3
1432129934718349312,anonymised text,neutral,The vaccines are the mark of the beast,The vaccines are the mark of the beast,5
1432343910093713422,anonymised text,neutral,The vaccine is a greater danger to our children's health than COVID itself,The vaccine is a greater danger to our children's health than COVID itself,5
1432271288656175105,anonymised text,neutral,Vaccines will allow us to defeat covid without death and sickness,Vaccines will allow us to defeat covid without death and sickness,6
1431581428890972162,anonymised text,neutral,The vaccine is a greater danger to our children's health than COVID itself,The vaccine is a greater danger to our children's health than COVID itself,3
1432113377388732421,anonymised text,neutral,the vaccine mandate is not oppression,the vaccine mandate is not oppression,6
1432362387282161666,anonymised text,neutral,Covid death is real,Covid death is real,5
1450805727854010375,anonymised text,neutral,Unvaccinated people are dying at a rapid rate from Covid-19,Unvaccinated people are dying at a rapid rate from Covid-19,2
1422328813585801241,anonymised text,neutral,We need a vaccine mandate to end this pandemic,We need a vaccine mandate to end this pandemic,6
1420653631590871044,anonymised text,neutral,Unvaccinated people are dying at a rapid rate from Covid-19,Unvaccinated people are dying at a rapid rate from Covid-19,0
1423261827983679489,anonymised text,neutral,The Moderna vaccines are helping stop the spread of covid,The Moderna vaccines are helping stop the spread of covid,6
1423085459043872774,anonymised text,neutral,The Moderna vaccines are helping stop the spread of covid,The Moderna vaccines are helping stop the spread of covid,0
1423045592607985664,anonymised text,neutral,We are thankful to the government for the vaccine availability,We are thankful to the government for the vaccine availability,2
1423392125371228164,anonymised text,neutral,Millions have been safely vaccinated against covid,Millions have been safely vaccinated against covid,0
1423391947494936580,anonymised text,neutral,We need a vaccine mandate to end this pandemic,We need a vaccine mandate to end this pandemic,0
1423390528620703745,anonymised text,neutral,Hats off to the government for tackling the pandemic,Hats off to the government for tackling the pandemic,6
1423366213825036291,anonymised text,neutral,We need a vaccine mandate to end this pandemic,We need a vaccine mandate to end this pandemic,2
1423638702895603714,anonymised text,neutral,natural immunity will not end the pandemic,natural immunity will not end the pandemic,6
1423629196635561986,anonymised text,neutral,Vaccines will allow us to defeat covid without death and sickness,Vaccines will allow us to defeat covid without death and sickness,6
1423628518399827975,anonymised text,neutral,"If you don't get the vaccine based on your freedom of choice, don't come crawling to the emergency room when you get COVID","If you don't get the vaccine based on your freedom of choice, don't come crawling to the emergency room when you get COVID",0
1423608389981016065,anonymised text,neutral,the vaccine will be dangerous to health,the vaccine will be dangerous to health,6
1423218862334611458,anonymised text,neutral,Vaccines will allow us to defeat covid without death and sickness,Vaccines will allow us to defeat covid without death and sickness,2
1423647767864487941,anonymised text,neutral,"When turning in your religious exemption forms for the vaccine, remember ignorance is not a religion","When turning in your religious exemption forms for the vaccine, remember ignorance is not a religion",6
1423647326258831368,anonymised text,neutral,The Pfizer vaccine is saving lives,The Pfizer vaccine is saving lives,3
1423647217106264065,anonymised text,neutral,"If you don't get the vaccine based on your freedom of choice, don't come crawling to the emergency room when you get COVID","If you don't get the vaccine based on your freedom of choice, don't come crawling to the emergency room when you get COVID",6
1423646859277504517,anonymised text,neutral,The vaccine mandate is not oppression because it will help to end this pandemic,The vaccine mandate is not oppression because it will help to end this pandemic,1
1423646313271463936,anonymised text,neutral,The Moderna vaccines are helping stop the spread of covid,The Moderna vaccines are helping stop the spread of covid,6
1423595469012357121,anonymised text,neutral,"When turning in your religious exemption forms for the vaccine, remember ignorance is not a religion","When turning in your religious exemption forms for the vaccine, remember ignorance is not a religion",6
1423454299787464706,anonymised text,neutral,the vaccine is against my religion,the vaccine is against my religion,4
1422361664599601154,anonymised text,neutral,the vaccine is against my religion,the vaccine is against my religion,4
1423324021257605120,anonymised text,neutral,"If you choose not to take the vaccine, you have to deal with the consequences","If you choose not to take the vaccine, you have to deal with the consequences",2
1422724439163166720,anonymised text,neutral,Medical segregation based on vaccine mandates is discrimination,Medical segregation based on vaccine mandates is discrimination,5
1422568091100266498,anonymised text,neutral,"If you don't get the vaccine based on your freedom of choice, don't come crawling to the emergency room when you get COVID","If you don't get the vaccine based on your freedom of choice, don't come crawling to the emergency room when you get COVID",3
1423325255167201284,anonymised text,neutral,The covid vaccine is another religion,The covid vaccine is another religion,6
1422596648190943237,anonymised text,neutral,Biden lied people die,Biden lied people die,1
1422221170947108867,anonymised text,neutral,"It is a good thing to be skeptical of the government, but they haven't lied about the covid vaccine","It is a good thing to be skeptical of the government, but they haven't lied about the covid vaccine",6
1417305315620663304,anonymised text,neutral,The vaccine mandate is not oppression because it will help to end this pandemic,The vaccine mandate is not oppression because it will help to end this pandemic,2
1423661956263780353,anonymised text,neutral,covid is a hoax,covid is a hoax,6
1423556897618202628,anonymised text,neutral,The vaccine is a greater danger to our children's health than COVID itself,The vaccine is a greater danger to our children's health than COVID itself,0
1422479351623397397,anonymised text,neutral,Covid vaccines are not doing what the pharmaceutical companies promised,Covid vaccines are not doing what the pharmaceutical companies promised,6
1423607891341332480,anonymised text,neutral,covid is propaganda,covid is propaganda,0
1423679695468568576,anonymised text,neutral,"If you refuse a free FDA-approved vaccine for non-medical reasons, then the government shouldn't continue to give you free COVID tests","If you refuse a free FDA-approved vaccine for non-medical reasons, then the government shouldn't continue to give you free COVID tests",5
1423670353767763968,anonymised text,neutral,Unvaccinated people are dying at a rapid rate from Covid-19,Unvaccinated people are dying at a rapid rate from Covid-19,3
1423681109758468096,anonymised text,neutral,We need a vaccine mandate to end this pandemic,We need a vaccine mandate to end this pandemic,2
1421218212558028800,anonymised text,neutral,Globalists support a covert mass chip implantation through the covid vaccine,Globalists support a covert mass chip implantation through the covid vaccine,6
1423651308305743878,anonymised text,neutral,Jesus is trying to protect us from covid by divinely inspiring scientists to create vaccines,Jesus is trying to protect us from covid by divinely inspiring scientists to create vaccines,6
1423625593581711363,anonymised text,neutral,"When turning in your religious exemption forms for the vaccine, remember ignorance is not a religion","When turning in your religious exemption forms for the vaccine, remember ignorance is not a religion",1
1423675221811163144,anonymised text,positive,covid is propaganda,covid is propaganda,0
1387577804909318144,anonymised text,positive,Unvaccinated people are dying at a rapid rate from Covid-19,Unvaccinated people are dying at a rapid rate from Covid-19,6
1387534780632375297,anonymised text,positive,Vaccines will allow us to defeat covid without death and sickness,Vaccines will allow us to defeat covid without death and sickness,0
1387493522597715971,anonymised text,neutral,The Pfizer vaccine is saving lives,The Pfizer vaccine is saving lives,6
1387545074880372736,anonymised text,positive,We are thankful to the government for the vaccine availability,We are thankful to the government for the vaccine availability,2
1387515913658847234,anonymised text,neutral,Vaccines will allow us to defeat covid without death and sickness,Vaccines will allow us to defeat covid without death and sickness,6
1387525184966381570,anonymised text,positive,The Moderna vaccines are helping stop the spread of covid,The Moderna vaccines are helping stop the spread of covid,6
1387500509112774660,anonymised text,neutral,The vaccine is safe,The vaccine is safe,6
1387540536479961094,anonymised text,neutral,The Moderna vaccines are helping stop the spread of covid,The Moderna vaccines are helping stop the spread of covid,6
1387549546100576257,anonymised text,neutral,The Moderna vaccines are helping stop the spread of covid,The Moderna vaccines are helping stop the spread of covid,0
1387542144487931912,anonymised text,neutral,Vaccines will allow us to defeat covid without death and sickness,Vaccines will allow us to defeat covid without death and sickness,0
1387533274931679233,anonymised text,neutral,The experimental covid vaccine is a death jab,The experimental covid vaccine is a death jab,6
1379247085237768192,anonymised text,neutral,"If you don't get the vaccine based on your freedom of choice, don't come crawling to the emergency room when you get COVID","If you don't get the vaccine based on your freedom of choice, don't come crawling to the emergency room when you get COVID",3
1387430797263597574,anonymised text,neutral,"If you refuse a free FDA-approved vaccine for non-medical reasons, then the government shouldn't continue to give you free COVID tests","If you refuse a free FDA-approved vaccine for non-medical reasons, then the government shouldn't continue to give you free COVID tests",1
1387148413204979715,anonymised text,neutral,I'm not against the vaccine but I am against the mandate,I'm not against the vaccine but I am against the mandate,0
1387117149236379648,anonymised text,neutral,Unvaccinated people are dying at a rapid rate from Covid-19,Unvaccinated people are dying at a rapid rate from Covid-19,6
1387806398453530625,anonymised text,neutral,We are the subjects of massive experiments for the Moderna and Pfizer vaccines,We are the subjects of massive experiments for the Moderna and Pfizer vaccines,0
1387800875809361920,anonymised text,neutral,"It is a good thing to be skeptical of the government, but they are right about the covid vaccine","It is a good thing to be skeptical of the government, but they are right about the covid vaccine",2
1387651454337421312,anonymised text,neutral,"It is a good thing to be skeptical of the government, but they are right about the covid vaccine","It is a good thing to be skeptical of the government, but they are right about the covid vaccine",6
1387544555936010247,anonymised text,neutral,The covid vaccine is a ploy to microchip people,The covid vaccine is a ploy to microchip people,6
1421975373588230144,anonymised text,neutral,Biden lied people die,Biden lied people die,3
1450886976702398469,anonymised text,neutral,Vaccine passports are medical tyranny,Vaccine passports are medical tyranny,6
1436439035837394952,anonymised text,neutral,The Moderna vaccines are helping stop the spread of covid,The Moderna vaccines are helping stop the spread of covid,6
1450886957907644416,anonymised text,neutral,Covid's death toll has grown faster,Covid's death toll has grown faster,5
1450886943802331142,anonymised text,neutral,We need a vaccine mandate to end this pandemic,We need a vaccine mandate to end this pandemic,6
1450886996940005381,anonymised text,neutral,The vaccine is a greater danger to our children's health than COVID itself,The vaccine is a greater danger to our children's health than COVID itself,3
1450886457338499077,anonymised text,neutral,The science doesn't lie about covid,The science doesn't lie about covid,6
1450886456591863810,anonymised text,neutral,Hats off to the government for tackling the pandemic,Hats off to the government for tackling the pandemic,6
1450885992299204612,anonymised text,neutral,We are thankful to the government for the vaccine availability,We are thankful to the government for the vaccine availability,6
1450885760421347328,anonymised text,neutral,The vaccine is a greater danger to our children's health than COVID itself,The vaccine is a greater danger to our children's health than COVID itself,1
1450885682210160646,anonymised text,neutral,The vaccine is a greater danger to our children's health than COVID itself,The vaccine is a greater danger to our children's health than COVID itself,0
1450624467911286787,anonymised text,neutral,The covid vaccine is another religion,The covid vaccine is another religion,6
1450884728437886979,anonymised text,neutral,"The vaccine has nothing to do with Covid-19, it's about the vaccine passport and tyranny","The vaccine has nothing to do with Covid-19, it's about the vaccine passport and tyranny",6
1450884409167695878,anonymised text,neutral,The Pfizer vaccine is saving lives,The Pfizer vaccine is saving lives,0
1450884351185534979,anonymised text,neutral,The vaccine isn't safe,The vaccine isn't safe,0
1450884326061654017,anonymised text,neutral,"It is not about covid, it is about control","It is not about covid, it is about control",3
1451015510884225024,anonymised text,neutral,Covid vaccines are not doing what the pharmaceutical companies promised,Covid vaccines are not doing what the pharmaceutical companies promised,2
1451013367968243720,anonymised text,neutral,The vaccine isn't safe,The vaccine isn't safe,3
1450977556602228743,anonymised text,neutral,Covid hospitalizations are on the rise,Covid hospitalizations are on the rise,3
1450918409290633217,anonymised text,neutral,The Johnson and Johnson vaccine was created to stop covid,The Johnson and Johnson vaccine was created to stop covid,3
1450853693084086277,anonymised text,neutral,The Moderna vaccines are helping stop the spread of covid,The Moderna vaccines are helping stop the spread of covid,0
1450790224125124608,anonymised text,neutral,Embrace population immunity,Embrace population immunity,3
1450789260693487621,anonymised text,neutral,Vaccines will allow us to defeat covid without death and sickness,Vaccines will allow us to defeat covid without death and sickness,4
1450556695298588673,anonymised text,neutral,The vaccine is a greater danger to our children's health than COVID itself,The vaccine is a greater danger to our children's health than COVID itself,3
1450458060707729417,anonymised text,neutral,I trust my immune system,I trust my immune system,0
1450180686799773696,anonymised text,neutral,Bill Gates wants to use vaccines to implant microchips in people,Bill Gates wants to use vaccines to implant microchips in people,0
1450143191890632706,anonymised text,neutral,Bill Gates wants to use vaccines to implant microchips in people,Bill Gates wants to use vaccines to implant microchips in people,3
1449988240711159808,anonymised text,neutral,Millions have been safely vaccinated against covid,Millions have been safely vaccinated against covid,6
1447513654769983497,anonymised text,neutral,The covid vaccine is harmful for pregnant women and kids,The covid vaccine is harmful for pregnant women and kids,0
1450491667904073729,anonymised text,neutral,I won't take the vaccine due to medical reasons,I won't take the vaccine due to medical reasons,0
1450462610894245904,anonymised text,neutral,the vaccine is against my religion,the vaccine is against my religion,4
1450305341405556739,anonymised text,neutral,vaccine is not against any religion,vaccine is not against any religion,6
1449399686507507727,anonymised text,neutral,the vaccine is against my religion,the vaccine is against my religion,6
1449399182750412800,anonymised text,neutral,vaccine is not against any religion,vaccine is not against any religion,2
1448683568058802182,anonymised text,neutral,"If you don't get the vaccine based on your freedom of choice, don't come crawling to the emergency room when you get COVID","If you don't get the vaccine based on your freedom of choice, don't come crawling to the emergency room when you get COVID",5
1450987774690009088,anonymised text,neutral,"If you don't get the vaccine based on your freedom of choice, don't come crawling to the emergency room when you get COVID","If you don't get the vaccine based on your freedom of choice, don't come crawling to the emergency room when you get COVID",5
1450938011676520451,anonymised text,neutral,Firing over vaccine mandates is oppression,Firing over vaccine mandates is oppression,5
1449854734127575041,anonymised text,neutral,covid is propaganda,covid is propaganda,1
1448446267332382730,anonymised text,neutral,"If you don't get the vaccine based on your freedom of choice, don't come crawling to the emergency room when you get COVID","If you don't get the vaccine based on your freedom of choice, don't come crawling to the emergency room when you get COVID",1
1448433081153724420,anonymised text,neutral,The Pfizer vaccine is saving lives,The Pfizer vaccine is saving lives,6
1448370455480610817,anonymised text,neutral,The vaccine mandate will help us end the pandemic,The vaccine mandate will help us end the pandemic,6
1448423308488290306,anonymised text,neutral,"If the vaccine works, why are deaths so high?","If the vaccine works, why are deaths so high?",6
1448457524659826691,anonymised text,neutral,Unvaccinated people are dying at a rapid rate from Covid-19,Unvaccinated people are dying at a rapid rate from Covid-19,6
1448432492701261829,anonymised text,neutral,covid is propaganda,covid is propaganda,1
1448475772906196993,anonymised text,neutral,"The pandemic is not a lie, hospitalizations are on the rise","The pandemic is not a lie, hospitalizations are on the rise",6
1448365867624972290,anonymised text,neutral,Vaccines will allow us to defeat covid without death and sickness,Vaccines will allow us to defeat covid without death and sickness,0
1448474817389289473,anonymised text,neutral,"If the vaccine works, why are deaths so high?","If the vaccine works, why are deaths so high?",1
1448453503861542914,anonymised text,neutral,Covid death is real,Covid death is real,0
1448418104170713093,anonymised text,neutral,"The vaccine doesn't protect you from getting or spreading Covid, God does","The vaccine doesn't protect you from getting or spreading Covid, God does",0
1448479420990193671,anonymised text,neutral,covid vaccines do not stop the spread,covid vaccines do not stop the spread,5
1448441817708568579,anonymised text,neutral,Unvaccinated people are dying at a rapid rate from Covid-19,Unvaccinated people are dying at a rapid rate from Covid-19,6
1448478603381981186,anonymised text,neutral,Firing over vaccine mandates is oppression,Firing over vaccine mandates is oppression,5
1448471880487227394,anonymised text,neutral,The vaccine is a greater danger to our children's health than COVID itself,The vaccine is a greater danger to our children's health than COVID itself,3
1448466835171594248,anonymised text,neutral,"If you don't get the vaccine based on your freedom of choice, don't come crawling to the emergency room when you get COVID","If you don't get the vaccine based on your freedom of choice, don't come crawling to the emergency room when you get COVID",6
1448465457699180547,anonymised text,neutral,The vaccine is a greater danger to our children's health than COVID itself,The vaccine is a greater danger to our children's health than COVID itself,1
1448660355102564352,anonymised text,neutral,Firing over vaccine mandates is oppression,Firing over vaccine mandates is oppression,6
1448444436317446146,anonymised text,neutral,The vaccine mandate will help us end the pandemic,The vaccine mandate will help us end the pandemic,6
1448433006562131968,anonymised text,neutral,Firing over vaccine mandates is oppression,Firing over vaccine mandates is oppression,1
1447858141568200705,anonymised text,neutral,the vaccine mandate is not oppression,the vaccine mandate is not oppression,1
1448651727658360844,anonymised text,neutral,we trust the government,we trust the government,5
1448636386827976714,anonymised text,neutral,I'm not against the vaccine but I am against the mandate,I'm not against the vaccine but I am against the mandate,2
1448495600463450114,anonymised text,neutral,the vaccine mandate is not oppression,the vaccine mandate is not oppression,1
1448491981429264388,anonymised text,neutral,The vaccine mandate is not oppression because it will help to end this pandemic,The vaccine mandate is not oppression because it will help to end this pandemic,6
1448485124174225411,anonymised text,neutral,The vaccine mandate is not oppression because it will help to end this pandemic,The vaccine mandate is not oppression because it will help to end this pandemic,2
1448491728953090049,anonymised text,neutral,The vaccines are the mark of the beast,The vaccines are the mark of the beast,1
1448445645690392579,anonymised text,neutral,the vaccine mandate is not oppression,the vaccine mandate is not oppression,6
1448429099479752709,anonymised text,neutral,the vaccine mandate is not oppression,the vaccine mandate is not oppression,1
1448421860849369090,anonymised text,neutral,the vaccine mandate is not oppression,the vaccine mandate is not oppression,6
1448384965046112260,anonymised text,neutral,The vaccine is a tool of Satan,The vaccine is a tool of Satan,4
1448366002585153538,anonymised text,neutral,the vaccine works,the vaccine works,6
1448061342435450891,anonymised text,neutral,"If you don't get the vaccine based on your freedom of choice, don't come crawling to the emergency room when you get COVID","If you don't get the vaccine based on your freedom of choice, don't come crawling to the emergency room when you get COVID",6
1448042636938551297,anonymised text,neutral,The vaccine is a tool of Satan,The vaccine is a tool of Satan,0
1447221111930884096,anonymised text,neutral,the vaccine is against my religion,the vaccine is against my religion,6
1447009575652102150,anonymised text,neutral,"The vaccine has nothing to do with Covid-19, it's about the vaccine passport and tyranny","The vaccine has nothing to do with Covid-19, it's about the vaccine passport and tyranny",6
1448548413688016900,anonymised text,neutral,Covid is fake,Covid is fake,1
1448492093811290112,anonymised text,neutral,Covid death is real,Covid death is real,2
1448692048840863755,anonymised text,neutral,Animal shelters are empty because Dr Fauci allowed experimenting of various Covid vaccines/drugs on dogs and other domestic pets,Animal shelters are empty because Dr Fauci allowed experimenting of various Covid vaccines/drugs on dogs and other domestic pets,6
1448676231776505862,anonymised text,neutral,"The vaccine contains pork, muslims can't take the vaccine","The vaccine contains pork, muslims can't take the vaccine",6
1448647341053923349,anonymised text,neutral,Disregard for others' lives isn't part of your religion,Disregard for others' lives isn't part of your religion,2
1448620284769017868,anonymised text,neutral,The experimental covid vaccine is a death jab,The experimental covid vaccine is a death jab,2
1387529145366704128,anonymised text,positive,The research behind covid vaccines is public,The research behind covid vaccines is public,0
1387430179497201665,anonymised text,neutral,"It is a good thing to be skeptical of the government, but they are right about the covid vaccine","It is a good thing to be skeptical of the government, but they are right about the covid vaccine",0
1387810810412470274,anonymised text,positive,The Moderna vaccines are helping stop the spread of covid,The Moderna vaccines are helping stop the spread of covid,0
1387810589527871493,anonymised text,neutral,Vaccines will allow us to defeat covid without death and sickness,Vaccines will allow us to defeat covid without death and sickness,6
1387810568514514945,anonymised text,neutral,The vaccine won't make you sick,The vaccine won't make you sick,6
1387810552186032133,anonymised text,neutral,The experimental covid vaccine is a death jab,The experimental covid vaccine is a death jab,2
1387810476470456320,anonymised text,neutral,The vaccine won't make you sick,The vaccine won't make you sick,6
1387810383222611970,anonymised text,neutral,Unvaccinated people are dying at a rapid rate from Covid-19,Unvaccinated people are dying at a rapid rate from Covid-19,0
1387810092381257728,anonymised text,neutral,We are thankful to the government for the vaccine availability,We are thankful to the government for the vaccine availability,6
1387753923088375818,anonymised text,neutral,The Pfizer vaccine is saving lives,The Pfizer vaccine is saving lives,6
1387765770273398798,anonymised text,neutral,Covid vaccines are not doing what the pharmaceutical companies promised,Covid vaccines are not doing what the pharmaceutical companies promised,6
1387760038844981251,anonymised text,neutral,The Moderna vaccines are helping stop the spread of covid,The Moderna vaccines are helping stop the spread of covid,6
1387789624551124992,anonymised text,neutral,Vaccines will allow us to defeat covid without death and sickness,Vaccines will allow us to defeat covid without death and sickness,6
1387766388807421958,anonymised text,neutral,Jesus will protect me,Jesus will protect me,2
1387771379265773581,anonymised text,neutral,The vaccine is safe,The vaccine is safe,0
1387754666444922881,anonymised text,neutral,"If you choose not to take the vaccine, you have to deal with the consequences","If you choose not to take the vaccine, you have to deal with the consequences",6
1387812397860089858,anonymised text,neutral,Covid hospitalizations are on the rise,Covid hospitalizations are on the rise,0
1387800237264281604,anonymised text,neutral,I won't take the vaccine due to medical reasons,I won't take the vaccine due to medical reasons,6
1387797633817878528,anonymised text,positive,Vaccines will allow us to defeat covid without death and sickness,Vaccines will allow us to defeat covid without death and sickness,6
1387799252320014337,anonymised text,neutral,The Moderna vaccines are helping stop the spread of covid,The Moderna vaccines are helping stop the spread of covid,6
1387814523973820419,anonymised text,neutral,The vaccine isn't safe,The vaccine isn't safe,2
1387819412133228545,anonymised text,neutral,The Moderna vaccines are helping stop the spread of covid,The Moderna vaccines are helping stop the spread of covid,6
1387840695147417610,anonymised text,neutral,Vaccines will allow us to defeat covid without death and sickness,Vaccines will allow us to defeat covid without death and sickness,6
1387844343965261825,anonymised text,positive,Vaccine passports are medical tyranny,Vaccine passports are medical tyranny,6
1387816902639169538,anonymised text,neutral,The benefits of the vaccine outweigh its risks,The benefits of the vaccine outweigh its risks,6
1387798582556721156,anonymised text,neutral,The Pfizer vaccine is saving lives,The Pfizer vaccine is saving lives,6
1420371122479108100,anonymised text,neutral,Unvaccinated people are dying at a rapid rate from Covid-19,Unvaccinated people are dying at a rapid rate from Covid-19,0
1420692963492040713,anonymised text,neutral,Unvaccinated people are dying at a rapid rate from Covid-19,Unvaccinated people are dying at a rapid rate from Covid-19,0
1420823233805406213,anonymised text,neutral,The Johnson and Johnson vaccine was created to stop covid,The Johnson and Johnson vaccine was created to stop covid,6
1418618883372687362,anonymised text,neutral,The covid vaccine was rushed through trials,The covid vaccine was rushed through trials,6
1420824771651067913,anonymised text,neutral,The benefits of the vaccine outweigh its risks,The benefits of the vaccine outweigh its risks,6
1420824770333974528,anonymised text,neutral,Unvaccinated people are dying at a rapid rate from Covid-19,Unvaccinated people are dying at a rapid rate from Covid-19,0
1420824632769265665,anonymised text,neutral,Religious exemptions are bogus,Religious exemptions are bogus,5
1420824445900496899,anonymised text,neutral,Covid vaccine will affect your fertility,Covid vaccine will affect your fertility,6
1420824430058557444,anonymised text,neutral,"The government can be corrupt, but they are telling the truth about the covid vaccine","The government can be corrupt, but they are telling the truth about the covid vaccine",3
1420824516083785736,anonymised text,neutral,"It is not about covid, it is about control","It is not about covid, it is about control",5
1420516345964281858,anonymised text,neutral,"The vaccine has nothing to do with Covid-19, it's about the vaccine passport and tyranny","The vaccine has nothing to do with Covid-19, it's about the vaccine passport and tyranny",0
1420824286227582976,anonymised text,neutral,The government and Fauci have been dishonest,The government and Fauci have been dishonest,6
1420824230099308547,anonymised text,neutral,Vaccines will allow us to defeat covid without death and sickness,Vaccines will allow us to defeat covid without death and sickness,6
1420824197182357504,anonymised text,neutral,the vaccine does not work,the vaccine does not work,5
1420824153280499713,anonymised text,neutral,Covid hospitalizations are on the rise,Covid hospitalizations are on the rise,0
1420822692459126793,anonymised text,neutral,Unvaccinated people are dying at a rapid rate from Covid-19,Unvaccinated people are dying at a rapid rate from Covid-19,0
1420783799932112897,anonymised text,neutral,"When turning in your religious exemption forms for the vaccine, remember ignorance is not a religion","When turning in your religious exemption forms for the vaccine, remember ignorance is not a religion",6
1442149271034372102,anonymised text,neutral,"If you refuse a free FDA-approved vaccine for non-medical reasons, then the government shouldn't continue to give you free COVID tests","If you refuse a free FDA-approved vaccine for non-medical reasons, then the government shouldn't continue to give you free COVID tests",3
1442164418733912069,anonymised text,neutral,"If it is your body your choice, then insurance companies should stop paying for your hospitalization costs for COVID","If it is your body your choice, then insurance companies should stop paying for your hospitalization costs for COVID",1
1442040415990034432,anonymised text,neutral,Firing over vaccine mandates is oppression,Firing over vaccine mandates is oppression,6
1442167069697449985,anonymised text,neutral,I'm not against the vaccine but I am against the mandate,I'm not against the vaccine but I am against the mandate,6
1442164561482768396,anonymised text,neutral,Hats off to the government for tackling the pandemic,Hats off to the government for tackling the pandemic,6
1442167905613910023,anonymised text,neutral,Unvaccinated people are dying at a rapid rate from Covid-19,Unvaccinated people are dying at a rapid rate from Covid-19,6
1442100764466315272,anonymised text,neutral,The vaccine mandate will help us end the pandemic,The vaccine mandate will help us end the pandemic,6
1442095856983977986,anonymised text,neutral,Covid hospitalizations are on the rise,Covid hospitalizations are on the rise,6
1442099504656826370,anonymised text,neutral,Covid death is real,Covid death is real,6
1442085409513607173,anonymised text,neutral,Covid death is real,Covid death is real,6
1442151702623293441,anonymised text,neutral,The vaccine mandate violates my rights,The vaccine mandate violates my rights,5
1438852987741478913,anonymised text,neutral,"The vaccine has nothing to do with Covid-19, it's about the vaccine passport and tyranny","The vaccine has nothing to do with Covid-19, it's about the vaccine passport and tyranny",6
1442174523990704131,anonymised text,neutral,Bill Gates wants to use vaccines to implant microchips in people,Bill Gates wants to use vaccines to implant microchips in people,3
1442168069732847616,anonymised text,neutral,Firing over vaccine mandates is oppression,Firing over vaccine mandates is oppression,5
1442160235154530314,anonymised text,neutral,the vaccine will be dangerous to health,the vaccine will be dangerous to health,5
1437601005001056271,anonymised text,neutral,Firing over vaccine mandates is oppression,Firing over vaccine mandates is oppression,5
1442049785360486400,anonymised text,negative,The vaccine mandate is not oppression because it will help to end this pandemic,The vaccine mandate is not oppression because it will help to end this pandemic,6
1442216493924687872,anonymised text,neutral,"It is a good thing to be skeptical of the government, but they are right about the covid vaccine","It is a good thing to be skeptical of the government, but they are right about the covid vaccine",1
1442213893053370368,anonymised text,neutral,"The pandemic is not a lie, hospitalizations are on the rise","The pandemic is not a lie, hospitalizations are on the rise",6
1441438902506729474,anonymised text,neutral,Covid hospitalizations are on the rise,Covid hospitalizations are on the rise,0
1442202146032717824,anonymised text,neutral,We are thankful to the government for the vaccine availability,We are thankful to the government for the vaccine availability,6
1442091019563057153,anonymised text,neutral,The covid vaccine is harmful for pregnant women and kids,The covid vaccine is harmful for pregnant women and kids,6
1442088708065296389,anonymised text,neutral,The covid vaccine is harmful for pregnant women and kids,The covid vaccine is harmful for pregnant women and kids,6
1441630964099080193,anonymised text,neutral,vaccine is not against any religion,vaccine is not against any religion,6
1440040882808393740,anonymised text,neutral,"The vaccine has nothing to do with Covid-19, it's about the vaccine passport and tyranny","The vaccine has nothing to do with Covid-19, it's about the vaccine passport and tyranny",5
1438118365273346049,anonymised text,neutral,covid is propaganda,covid is propaganda,5
1442213851936608256,anonymised text,neutral,Vaccine passports are medical tyranny,Vaccine passports are medical tyranny,3
1442241735476797445,anonymised text,neutral,The Pfizer vaccine is saving lives,The Pfizer vaccine is saving lives,5
1442208292655173633,anonymised text,neutral,I'm not against the vaccine but I am against the mandate,I'm not against the vaccine but I am against the mandate,5
1442207215910219781,anonymised text,neutral,Vaccine passports are medical tyranny,Vaccine passports are medical tyranny,5
1442247118815580163,anonymised text,neutral,Covid is not a hoax,Covid is not a hoax,5
1440089188976705537,anonymised text,neutral,the vaccine is against my religion,the vaccine is against my religion,4
1442251098232819717,anonymised text,neutral,The vaccine is safe,The vaccine is safe,6
1440160130885029891,anonymised text,neutral,The science doesn't lie about covid,The science doesn't lie about covid,1
1439529761911578631,anonymised text,neutral,Jesus is trying to protect us from covid by divinely inspiring scientists to create vaccines,Jesus is trying to protect us from covid by divinely inspiring scientists to create vaccines,6
1437758875252531202,anonymised text,neutral,The vaccine is a tool of Satan,The vaccine is a tool of Satan,4
1436122550828875776,anonymised text,neutral,"The vaccine doesn't protect you from getting or spreading Covid, God does","The vaccine doesn't protect you from getting or spreading Covid, God does",6
1435734306366889984,anonymised text,neutral,The vaccines are the mark of the beast,The vaccines are the mark of the beast,6
1440341958526857225,anonymised text,neutral,the vaccine was created only for the profit of pharmaceutical companies,the vaccine was created only for the profit of pharmaceutical companies,6
1440118008463167489,anonymised text,neutral,The vaccine is a greater danger to our children's health than COVID itself,The vaccine is a greater danger to our children's health than COVID itself,5
1438883406352367627,anonymised text,neutral,Firing over vaccine mandates is oppression,Firing over vaccine mandates is oppression,5
1453431364531929096,anonymised text,neutral,Vaccines will allow us to defeat covid without death and sickness,Vaccines will allow us to defeat covid without death and sickness,2
1453431344114061314,anonymised text,neutral,Unvaccinated people are dying at a rapid rate from Covid-19,Unvaccinated people are dying at a rapid rate from Covid-19,0
1453431292297625609,anonymised text,neutral,Covid hospitalizations are on the rise,Covid hospitalizations are on the rise,6
1453431178585800705,anonymised text,neutral,covid is a scam,covid is a scam,5
1453430931579195397,anonymised text,neutral,"It is not about covid, it is about control","It is not about covid, it is about control",5
1453430851199389699,anonymised text,neutral,How would you trust big pharma with the COVID vaccine? They haven't been liable for vaccine harm in the past,How would you trust big pharma with the COVID vaccine? They haven't been liable for vaccine harm in the past,1
1453430803409555458,anonymised text,neutral,The Moderna vaccines are helping stop the spread of covid,The Moderna vaccines are helping stop the spread of covid,1
1453430353914437639,anonymised text,neutral,covid is a hoax,covid is a hoax,3
1453430293860261891,anonymised text,neutral,The covid vaccine is another religion,The covid vaccine is another religion,6
1453430171558682627,anonymised text,neutral,The experimental covid vaccine is a death jab,The experimental covid vaccine is a death jab,1
1453429495063453701,anonymised text,neutral,The Moderna vaccines are helping stop the spread of covid,The Moderna vaccines are helping stop the spread of covid,3
1453429483466366983,anonymised text,neutral,The vaccine is a greater danger to our children's health than COVID itself,The vaccine is a greater danger to our children's health than COVID itself,0
1453429372589940745,anonymised text,neutral,Unvaccinated people are dying at a rapid rate from Covid-19,Unvaccinated people are dying at a rapid rate from Covid-19,6
1453429239273906180,anonymised text,neutral,The science doesn't lie about covid,The science doesn't lie about covid,3
1453429187998621709,anonymised text,neutral,The vaccine is a greater danger to our children's health than COVID itself,The vaccine is a greater danger to our children's health than COVID itself,6
1453429091605098501,anonymised text,neutral,Scientist know what they are saying,Scientist know what they are saying,6
1453429078397231105,anonymised text,neutral,The covid vaccine isn't a death jab,The covid vaccine isn't a death jab,6
1453388341987139592,anonymised text,neutral,Unvaccinated people are dying at a rapid rate from Covid-19,Unvaccinated people are dying at a rapid rate from Covid-19,0
1453392008387567619,anonymised text,neutral,The experimental covid vaccine is a death jab,The experimental covid vaccine is a death jab,6
1453388109391929345,anonymised text,neutral,The vaccine is safe,The vaccine is safe,0
1453349907755114499,anonymised text,neutral,The covid vaccine was rushed through trials,The covid vaccine was rushed through trials,0
1453160357015408642,anonymised text,neutral,The vaccine is safe for women and kids,The vaccine is safe for women and kids,0
1453155631129669635,anonymised text,neutral,"It is a good thing to be skeptical of the government, but they are right about the covid vaccine","It is a good thing to be skeptical of the government, but they are right about the covid vaccine",3
1453138399498493954,anonymised text,neutral,The vaccine isn't safe,The vaccine isn't safe,3
1452983292488208396,anonymised text,neutral,The vaccine is a greater danger to our children's health than COVID itself,The vaccine is a greater danger to our children's health than COVID itself,6
1453401208039690240,anonymised text,neutral,Vaccines will allow us to defeat covid without death and sickness,Vaccines will allow us to defeat covid without death and sickness,5
1453121619799552003,anonymised text,neutral,The Pfizer vaccine is saving lives,The Pfizer vaccine is saving lives,3
1450065770252095489,anonymised text,neutral,Jesus is trying to protect us from covid by divinely inspiring scientists to create vaccines,Jesus is trying to protect us from covid by divinely inspiring scientists to create vaccines,6
1452343326821130240,anonymised text,neutral,Falsely labeling the injection as a vaccine is illegal,Falsely labeling the injection as a vaccine is illegal,3
1453432526878433286,anonymised text,neutral,We need a vaccine mandate to end this pandemic,We need a vaccine mandate to end this pandemic,1
1453398124429447171,anonymised text,neutral,The government and Fauci have been dishonest,The government and Fauci have been dishonest,3
1453099342546542592,anonymised text,neutral,The vaccine isn't safe,The vaccine isn't safe,1
1452293156347826178,anonymised text,neutral,Animal shelters are empty because Dr Fauci allowed experimenting of various Covid vaccines/drugs on dogs and other domestic pets,Animal shelters are empty because Dr Fauci allowed experimenting of various Covid vaccines/drugs on dogs and other domestic pets,0
1453063659769548808,anonymised text,neutral,"It is not about covid, it is about control","It is not about covid, it is about control",3
1452992540374876166,anonymised text,neutral,Fauci tortures dogs and puppies,Fauci tortures dogs and puppies,3
1452987786747805696,anonymised text,neutral,There is a lot of research supporting that vaccines work,There is a lot of research supporting that vaccines work,6
1452982209493753860,anonymised text,neutral,Animal shelters are empty because Dr Fauci allowed experimenting of various Covid vaccines/drugs on dogs and other domestic pets,Animal shelters are empty because Dr Fauci allowed experimenting of various Covid vaccines/drugs on dogs and other domestic pets,3
1452958388267139075,anonymised text,neutral,Covid vaccines are not doing what the pharmaceutical companies promised,Covid vaccines are not doing what the pharmaceutical companies promised,3
1452948777006997511,anonymised text,neutral,Animal shelters are empty because Dr Fauci allowed experimenting of various Covid vaccines/drugs on dogs and other domestic pets,Animal shelters are empty because Dr Fauci allowed experimenting of various Covid vaccines/drugs on dogs and other domestic pets,0
1452895593399873538,anonymised text,neutral,Fauci tortures dogs and puppies,Fauci tortures dogs and puppies,3
1452870127163043840,anonymised text,neutral,"It is a good thing to be skeptical of the government, but they haven't lied about the covid vaccine","It is a good thing to be skeptical of the government, but they haven't lied about the covid vaccine",3
1452863941605044225,anonymised text,neutral,Animal shelters are empty because Dr Fauci allowed experimenting of various Covid vaccines/drugs on dogs and other domestic pets,Animal shelters are empty because Dr Fauci allowed experimenting of various Covid vaccines/drugs on dogs and other domestic pets,5
1452861695701962755,anonymised text,neutral,Animal shelters are empty because Dr Fauci allowed experimenting of various Covid vaccines/drugs on dogs and other domestic pets,Animal shelters are empty because Dr Fauci allowed experimenting of various Covid vaccines/drugs on dogs and other domestic pets,6
1452836703119544327,anonymised text,neutral,The vaccine is a greater danger to our children's health than COVID itself,The vaccine is a greater danger to our children's health than COVID itself,3
1452806006388428809,anonymised text,neutral,Animal shelters are empty because Dr Fauci allowed experimenting of various Covid vaccines/drugs on dogs and other domestic pets,Animal shelters are empty because Dr Fauci allowed experimenting of various Covid vaccines/drugs on dogs and other domestic pets,3
1452789943466545157,anonymised text,neutral,Fauci tortures dogs and puppies,Fauci tortures dogs and puppies,0
1452789851607207943,anonymised text,neutral,Animal shelters are empty because Dr Fauci allowed experimenting of various Covid vaccines/drugs on dogs and other domestic pets,Animal shelters are empty because Dr Fauci allowed experimenting of various Covid vaccines/drugs on dogs and other domestic pets,3
1452775448786522116,anonymised text,neutral,The government and Fauci have been dishonest,The government and Fauci have been dishonest,3
1452756730471870464,anonymised text,neutral,Fauci tortures dogs and puppies,Fauci tortures dogs and puppies,3
1452749118300987406,anonymised text,neutral,Fauci tortures dogs and puppies,Fauci tortures dogs and puppies,1
1452743192592490509,anonymised text,neutral,The vaccine is a greater danger to our children's health than COVID itself,The vaccine is a greater danger to our children's health than COVID itself,6
1452724634533629965,anonymised text,neutral,Scientist know what they are saying,Scientist know what they are saying,1
1452718888098013187,anonymised text,neutral,"It is a good thing to be skeptical of the government, but they are right about the covid vaccine","It is a good thing to be skeptical of the government, but they are right about the covid vaccine",1
1452718210839719939,anonymised text,neutral,"It is a good thing to be skeptical of the government, but they are right about the covid vaccine","It is a good thing to be skeptical of the government, but they are right about the covid vaccine",3
1452713645083856904,anonymised text,neutral,The government and Fauci have been dishonest,The government and Fauci have been dishonest,3
1452710500479942666,anonymised text,neutral,We are the subjects of massive experiments for the Moderna and Pfizer vaccines,We are the subjects of massive experiments for the Moderna and Pfizer vaccines,3
1452689282150322179,anonymised text,neutral,"It is not about covid, it is about control","It is not about covid, it is about control",3
1452640962459705356,anonymised text,neutral,The government and Fauci have been dishonest,The government and Fauci have been dishonest,3
1452628430298701829,anonymised text,neutral,Covid vaccines are not doing what the pharmaceutical companies promised,Covid vaccines are not doing what the pharmaceutical companies promised,3
1452624659405492233,anonymised text,neutral,Covid vaccine research has been going on for a while,Covid vaccine research has been going on for a while,3
1452611946390380547,anonymised text,neutral,The vaccine is a greater danger to our children's health than COVID itself,The vaccine is a greater danger to our children's health than COVID itself,3
1452609903386841097,anonymised text,neutral,There is a lot of research supporting that vaccines work,There is a lot of research supporting that vaccines work,3
1452523396705787908,anonymised text,neutral,Fauci tortures dogs and puppies,Fauci tortures dogs and puppies,3
1452504998332407808,anonymised text,neutral,Animal shelters are empty because Dr Fauci allowed experimenting of various Covid vaccines/drugs on dogs and other domestic pets,Animal shelters are empty because Dr Fauci allowed experimenting of various Covid vaccines/drugs on dogs and other domestic pets,1
1452460501355712520,anonymised text,neutral,Animal shelters are empty because Dr Fauci allowed experimenting of various Covid vaccines/drugs on dogs and other domestic pets,Animal shelters are empty because Dr Fauci allowed experimenting of various Covid vaccines/drugs on dogs and other domestic pets,3
1453461172854865929,anonymised text,neutral,I have freedom to choose not to take the vaccine,I have freedom to choose not to take the vaccine,6
1453436721278881795,anonymised text,neutral,"The vaccine has nothing to do with Covid-19, it's about the vaccine passport and tyranny","The vaccine has nothing to do with Covid-19, it's about the vaccine passport and tyranny",5
